{
    "s003": 0.355,
    "s004": 0.165,
    "s005": 0.19417425648534728,
    "s009": 0.3854740569432039,
    "s011": 0.165,
    "s012": 0.5,
    "s014": 0.2,
    "s015": 0.335,
    "s018": 0.19,
    "s019": 0.375
}