{
  "Aby12": {
    "accuracy": 0.9857433808553971,
    "precision": 1.0,
    "recall": 0.3,
    "f1": 0.46153846153846156,
    "confusion_matrix": [
      [
        481,
        0
      ],
      [
        7,
        3
      ]
    ],
    "n_test_samples": 491
  },
  "Ade7": {
    "accuracy": 0.9816700610997964,
    "precision": 0.5555555555555556,
    "recall": 0.5,
    "f1": 0.5263157894736842,
    "confusion_matrix": [
      [
        477,
        4
      ],
      [
        5,
        5
      ]
    ],
    "n_test_samples": 491
  },
  "Adi88": {
    "accuracy": 0.9714867617107943,
    "precision": 0.3333333333333333,
    "recall": 0.4,
    "f1": 0.36363636363636365,
    "confusion_matrix": [
      [
        473,
        8
      ],
      [
        6,
        4
      ]
    ],
    "n_test_samples": 491
  },
  "Agni21": {
    "accuracy": 0.9877800407331976,
    "precision": 1.0,
    "recall": 0.4,
    "f1": 0.5714285714285714,
    "confusion_matrix": [
      [
        481,
        0
      ],
      [
        6,
        4
      ]
    ],
    "n_test_samples": 491
  },
  "Aldo5": {
    "accuracy": 0.9674134419551935,
    "precision": 0.2,
    "recall": 0.2,
    "f1": 0.2,
    "confusion_matrix": [
      [
        473,
        8
      ],
      [
        8,
        2
      ]
    ],
    "n_test_samples": 491
  },
  "Alfi99": {
    "accuracy": 0.9837067209775967,
    "precision": 1.0,
    "recall": 0.2,
    "f1": 0.3333333333333333,
    "confusion_matrix": [
      [
        481,
        0
      ],
      [
        8,
        2
      ]
    ],
    "n_test_samples": 491
  },
  "Andi3": {
    "accuracy": 0.9735234215885947,
    "precision": 0.25,
    "recall": 0.09090909090909091,
    "f1": 0.13333333333333333,
    "confusion_matrix": [
      [
        477,
        3
      ],
      [
        10,
        1
      ]
    ],
    "n_test_samples": 491
  },
  "Andi45": {
    "accuracy": 0.9938900203665988,
    "precision": 1.0,
    "recall": 0.7,
    "f1": 0.8235294117647058,
    "confusion_matrix": [
      [
        481,
        0
      ],
      [
        3,
        7
      ]
    ],
    "n_test_samples": 491
  },
  "Ara10": {
    "accuracy": 0.9735234215885947,
    "precision": 0.0,
    "recall": 0.0,
    "f1": 0.0,
    "confusion_matrix": [
      [
        478,
        3
      ],
      [
        10,
        0
      ]
    ],
    "n_test_samples": 491
  },
  "Ari77": {
    "accuracy": 0.9837067209775967,
    "precision": 0.75,
    "recall": 0.3,
    "f1": 0.42857142857142855,
    "confusion_matrix": [
      [
        480,
        1
      ],
      [
        7,
        3
      ]
    ],
    "n_test_samples": 491
  },
  "Aris4": {
    "accuracy": 0.9796334012219959,
    "precision": 0.5,
    "recall": 0.1,
    "f1": 0.16666666666666666,
    "confusion_matrix": [
      [
        480,
        1
      ],
      [
        9,
        1
      ]
    ],
    "n_test_samples": 491
  },
  "Asa8": {
    "accuracy": 0.9714867617107943,
    "precision": 0.3,
    "recall": 0.3,
    "f1": 0.3,
    "confusion_matrix": [
      [
        474,
        7
      ],
      [
        7,
        3
      ]
    ],
    "n_test_samples": 491
  },
  "Arya19": {
    "accuracy": 0.9775967413441955,
    "precision": 0.3333333333333333,
    "recall": 0.1,
    "f1": 0.15384615384615385,
    "confusion_matrix": [
      [
        479,
        2
      ],
      [
        9,
        1
      ]
    ],
    "n_test_samples": 491
  },
  "Awan32": {
    "accuracy": 0.9857433808553971,
    "precision": 1.0,
    "recall": 0.3,
    "f1": 0.46153846153846156,
    "confusion_matrix": [
      [
        481,
        0
      ],
      [
        7,
        3
      ]
    ],
    "n_test_samples": 491
  },
  "Bani1": {
    "accuracy": 0.9796334012219959,
    "precision": 0.0,
    "recall": 0.0,
    "f1": 0.0,
    "confusion_matrix": [
      [
        481,
        0
      ],
      [
        10,
        0
      ]
    ],
    "n_test_samples": 491
  },
  "Bayu50": {
    "accuracy": 0.9775967413441955,
    "precision": 0.0,
    "recall": 0.0,
    "f1": 0.0,
    "confusion_matrix": [
      [
        480,
        1
      ],
      [
        10,
        0
      ]
    ],
    "n_test_samples": 491
  },
  "Beni6": {
    "accuracy": 0.9775967413441955,
    "precision": 0.0,
    "recall": 0.0,
    "f1": 0.0,
    "confusion_matrix": [
      [
        480,
        1
      ],
      [
        10,
        0
      ]
    ],
    "n_test_samples": 491
  },
  "Bimo27": {
    "accuracy": 0.9775967413441955,
    "precision": 0.45454545454545453,
    "recall": 0.5,
    "f1": 0.47619047619047616,
    "confusion_matrix": [
      [
        475,
        6
      ],
      [
        5,
        5
      ]
    ],
    "n_test_samples": 491
  },
  "Biru9": {
    "accuracy": 0.9898167006109979,
    "precision": 1.0,
    "recall": 0.5,
    "f1": 0.6666666666666666,
    "confusion_matrix": [
      [
        481,
        0
      ],
      [
        5,
        5
      ]
    ],
    "n_test_samples": 491
  },
  "Bobi81": {
    "accuracy": 0.9938900203665988,
    "precision": 0.8181818181818182,
    "recall": 0.9,
    "f1": 0.8571428571428571,
    "confusion_matrix": [
      [
        479,
        2
      ],
      [
        1,
        9
      ]
    ],
    "n_test_samples": 491
  },
  "Bondan14": {
    "accuracy": 0.9918533604887984,
    "precision": 1.0,
    "recall": 0.6,
    "f1": 0.75,
    "confusion_matrix": [
      [
        481,
        0
      ],
      [
        4,
        6
      ]
    ],
    "n_test_samples": 491
  },
  "Budi33": {
    "accuracy": 0.9837067209775967,
    "precision": 0.625,
    "recall": 0.5,
    "f1": 0.5555555555555556,
    "confusion_matrix": [
      [
        478,
        3
      ],
      [
        5,
        5
      ]
    ],
    "n_test_samples": 491
  },
  "Caka2": {
    "accuracy": 0.9694501018329938,
    "precision": 0.14285714285714285,
    "recall": 0.1,
    "f1": 0.11764705882352941,
    "confusion_matrix": [
      [
        475,
        6
      ],
      [
        9,
        1
      ]
    ],
    "n_test_samples": 491
  },
  "Cika66": {
    "accuracy": 0.9796334012219959,
    "precision": 0.5,
    "recall": 0.1,
    "f1": 0.16666666666666666,
    "confusion_matrix": [
      [
        480,
        1
      ],
      [
        9,
        1
      ]
    ],
    "n_test_samples": 491
  },
  "Citra5": {
    "accuracy": 0.9755600814663951,
    "precision": 0.4,
    "recall": 0.4,
    "f1": 0.4,
    "confusion_matrix": [
      [
        475,
        6
      ],
      [
        6,
        4
      ]
    ],
    "n_test_samples": 491
  },
  "Dana18": {
    "accuracy": 0.9837067209775967,
    "precision": 0.75,
    "recall": 0.3,
    "f1": 0.42857142857142855,
    "confusion_matrix": [
      [
        480,
        1
      ],
      [
        7,
        3
      ]
    ],
    "n_test_samples": 491
  },
  "Dani9": {
    "accuracy": 0.9918533604887984,
    "precision": 1.0,
    "recall": 0.6,
    "f1": 0.75,
    "confusion_matrix": [
      [
        481,
        0
      ],
      [
        4,
        6
      ]
    ],
    "n_test_samples": 491
  },
  "Danu44": {
    "accuracy": 0.9857433808553971,
    "precision": 1.0,
    "recall": 0.3,
    "f1": 0.46153846153846156,
    "confusion_matrix": [
      [
        481,
        0
      ],
      [
        7,
        3
      ]
    ],
    "n_test_samples": 491
  },
  "Dedi7": {
    "accuracy": 0.9796334012219959,
    "precision": 0.0,
    "recall": 0.0,
    "f1": 0.0,
    "confusion_matrix": [
      [
        481,
        0
      ],
      [
        10,
        0
      ]
    ],
    "n_test_samples": 491
  },
  "Dela22": {
    "accuracy": 0.9918533604887984,
    "precision": 0.8,
    "recall": 0.8,
    "f1": 0.8,
    "confusion_matrix": [
      [
        479,
        2
      ],
      [
        2,
        8
      ]
    ],
    "n_test_samples": 491
  },
  "Deni3": {
    "accuracy": 0.9857433808553971,
    "precision": 0.6666666666666666,
    "recall": 0.6,
    "f1": 0.631578947368421,